{"1m": {"sup": 159.1269989013672, "res": 159.33599853515625}, "5m": {"sup": 158.84300231933594, "res": 159.35499572753906}, "15m": {"sup": 158.84300231933594, "res": 159.58399963378906}, "30m": {"sup": 158.84300231933594, "res": 159.74899291992188}, "1h": {"sup": 158.84300231933594, "res": 159.74899291992188}, "4h": {"sup": 156.44200134277344, "res": 159.74899291992188}, "8h": {"sup": 153.98800659179688, "res": 159.74899291992188}, "1d": {"sup": 152.2779998779297, "res": 159.63099670410156}, "1w": {"sup": 139.89199829101562, "res": 159.74000549316406}}